{
  "experiment": "caste_lambda",
  "config": {
    "model": "z-ai/glm-4.7-flash",
    "temp": 0.7,
    "agents": [
      "A",
      "B",
      "C"
    ],
    "pool": 360,
    "workload": 120,
    "rounds": 8,
    "seeds": 30
  },
  "arms": {
    "none": {
      "name": "none",
      "n": 30,
      "failed": 0,
      "full_rate": 0.8666666666666667,
      "full_lo": 0.7031831605558306,
      "full_hi": 0.9469043057578189,
      "comp_mean": 0.9110666666666666,
      "comp_lo": 0.8285430370378681,
      "comp_hi": 0.993590296295465,
      "top_mean": 0.42193333333333344,
      "top_lo": 0.33940970370453494,
      "top_hi": 0.5044569629621319,
      "rec_mean": 0.0,
      "comp_raw": [
        1.0,
        0.333,
        1.0,
        1.0,
        1.0,
        1.0,
        1.0,
        1.0,
        1.0,
        1.0,
        1.0,
        1.0,
        1.0,
        1.0,
        1.0,
        0.333,
        1.0,
        1.0,
        1.0,
        1.0,
        1.0,
        1.0,
        1.0,
        0.333,
        0.333,
        1.0,
        1.0,
        1.0,
        1.0,
        1.0
      ],
      "top_raw": [
        0.333,
        1.0,
        0.333,
        0.333,
        0.333,
        0.333,
        0.333,
        0.333,
        0.333,
        0.333,
        0.333,
        0.333,
        0.333,
        0.333,
        0.333,
        1.0,
        0.333,
        0.333,
        0.333,
        0.333,
        0.333,
        0.333,
        0.333,
        1.0,
        1.0,
        0.333,
        0.333,
        0.333,
        0.333,
        0.333
      ],
      "rec_raw": [
        0.0,
        0.0,
        0.0,
        0.0,
        0.0,
        0.0,
        0.0,
        0.0,
        0.0,
        0.0,
        0.0,
        0.0,
        0.0,
        0.0,
        0.0,
        0.0,
        0.0,
        0.0,
        0.0,
        0.0,
        0.0,
        0.0,
        0.0,
        0.0,
        0.0,
        0.0,
        0.0,
        0.0,
        0.0,
        0.0
      ],
      "comp_boot": [
        0.8221333333333332,
        0.9777666666666666
      ],
      "top_boot": [
        0.35523333333333346,
        0.5108666666666668
      ],
      "rec_boot": [
        0.0,
        0.0
      ]
    },
    "ost_linear": {
      "name": "ost_linear",
      "n": 30,
      "failed": 0,
      "full_rate": 0.5,
      "full_lo": 0.3315385122717376,
      "full_hi": 0.6684614877282624,
      "comp_mean": 0.7889666666666668,
      "comp_lo": 0.7032669245517725,
      "comp_hi": 0.8746664087815611,
      "top_mean": 0.3504666666666667,
      "top_lo": 0.3427648975351756,
      "top_hi": 0.3581684357981578,
      "rec_mean": 0.0,
      "comp_raw": [
        1.0,
        1.0,
        0.333,
        1.0,
        0.667,
        1.0,
        0.667,
        1.0,
        0.667,
        1.0,
        0.667,
        1.0,
        0.667,
        1.0,
        0.333,
        1.0,
        1.0,
        0.667,
        1.0,
        1.0,
        0.333,
        1.0,
        0.667,
        0.667,
        0.667,
        1.0,
        0.667,
        1.0,
        0.333,
        0.667
      ],
      "top_raw": [
        0.333,
        0.333,
        0.378,
        0.333,
        0.378,
        0.333,
        0.336,
        0.333,
        0.339,
        0.333,
        0.353,
        0.333,
        0.367,
        0.333,
        0.386,
        0.333,
        0.333,
        0.378,
        0.333,
        0.333,
        0.378,
        0.333,
        0.378,
        0.378,
        0.367,
        0.333,
        0.378,
        0.333,
        0.386,
        0.339
      ],
      "rec_raw": [
        0.0,
        0.0,
        0.0,
        0.0,
        0.0,
        0.0,
        0.0,
        0.0,
        0.0,
        0.0,
        0.0,
        0.0,
        0.0,
        0.0,
        0.0,
        0.0,
        0.0,
        0.0,
        0.0,
        0.0,
        0.0,
        0.0,
        0.0,
        0.0,
        0.0,
        0.0,
        0.0,
        0.0,
        0.0,
        0.0
      ],
      "comp_boot": [
        0.7000666666666667,
        0.8667666666666669
      ],
      "top_boot": [
        0.34310000000000007,
        0.3584333333333334
      ],
      "rec_boot": [
        0.0,
        0.0
      ]
    },
    "ost_beta_l10": {
      "name": "ost_beta_l10",
      "n": 30,
      "failed": 0,
      "full_rate": 0.5666666666666667,
      "full_lo": 0.39197009545408734,
      "full_hi": 0.7262276256938489,
      "comp_mean": 0.7220999999999997,
      "comp_lo": 0.6044867707441035,
      "comp_hi": 0.839713229255896,
      "top_mean": 0.5998333333333332,
      "top_lo": 0.4809140134937415,
      "top_hi": 0.7187526531729249,
      "rec_mean": 0.2671428571428572,
      "comp_raw": [
        1.0,
        1.0,
        0.333,
        0.333,
        1.0,
        1.0,
        1.0,
        0.667,
        1.0,
        1.0,
        1.0,
        0.333,
        0.333,
        1.0,
        0.333,
        1.0,
        0.333,
        1.0,
        1.0,
        1.0,
        0.333,
        0.333,
        0.333,
        0.333,
        1.0,
        1.0,
        0.333,
        1.0,
        1.0,
        0.333
      ],
      "top_raw": [
        0.333,
        0.333,
        1.0,
        1.0,
        0.333,
        0.333,
        0.333,
        0.334,
        0.333,
        0.333,
        0.333,
        1.0,
        1.0,
        0.333,
        1.0,
        0.333,
        1.0,
        0.333,
        0.333,
        0.333,
        1.0,
        1.0,
        1.0,
        1.0,
        0.333,
        0.333,
        1.0,
        0.333,
        0.333,
        1.0
      ],
      "rec_raw": [
        0.4,
        0.4,
        0.0,
        0.0,
        0.4,
        0.4,
        0.4,
        0.7142857142857143,
        0.5,
        0.4,
        0.5,
        0.0,
        0.0,
        0.4,
        0.0,
        0.4,
        0.0,
        0.4,
        0.4,
        0.5,
        0.0,
        0.0,
        0.0,
        0.0,
        0.4,
        0.5,
        0.0,
        0.4,
        0.5,
        0.0
      ],
      "comp_boot": [
        0.5998333333333333,
        0.8332999999999998
      ],
      "top_boot": [
        0.4886333333333335,
        0.7110333333333332
      ],
      "rec_boot": [
        0.1838095238095238,
        0.34761904761904777
      ]
    },
    "ost_beta_l09": {
      "name": "ost_beta_l09",
      "n": 30,
      "failed": 0,
      "full_rate": 0.6,
      "full_lo": 0.42320052498273836,
      "full_hi": 0.754096056739166,
      "comp_mean": 0.7554666666666666,
      "comp_lo": 0.642760124381129,
      "comp_hi": 0.8681732089522043,
      "top_mean": 0.5570666666666667,
      "top_lo": 0.4430307673877445,
      "top_hi": 0.6711025659455889,
      "rec_mean": 0.31603174603174605,
      "comp_raw": [
        0.333,
        0.333,
        1.0,
        1.0,
        0.667,
        1.0,
        1.0,
        0.333,
        0.333,
        1.0,
        1.0,
        1.0,
        0.333,
        0.333,
        0.333,
        1.0,
        1.0,
        1.0,
        1.0,
        0.333,
        1.0,
        0.667,
        0.333,
        1.0,
        1.0,
        0.333,
        1.0,
        1.0,
        1.0,
        1.0
      ],
      "top_raw": [
        1.0,
        1.0,
        0.333,
        0.333,
        0.381,
        0.333,
        0.333,
        1.0,
        1.0,
        0.333,
        0.333,
        0.333,
        1.0,
        1.0,
        1.0,
        0.333,
        0.333,
        0.333,
        0.333,
        1.0,
        0.333,
        0.337,
        1.0,
        0.333,
        0.333,
        1.0,
        0.333,
        0.333,
        0.333,
        0.333
      ],