{
  "experiment": "phase_d_placebo",
  "config": {
    "model": "z-ai/glm-4.7-flash",
    "temp": 0.7,
    "agents": [
      "A",
      "B",
      "C"
    ],
    "pool": 360,
    "workload": 120,
    "rounds": 8,
    "seeds": 30
  },
  "arms": {
    "none": {
      "name": "none",
      "n": 30,
      "failed": 0,
      "full_rate": 0.9,
      "full_lo": 0.7437855868473338,
      "full_hi": 0.9654007400402839,
      "comp_mean": 0.9332999999999999,
      "comp_lo": 0.8604710311483129,
      "comp_hi": 1.006128968851687,
      "top_mean": 0.3997000000000001,
      "top_lo": 0.3268710311483131,
      "top_hi": 0.4725289688516871,
      "comp_raw": [
        1.0,
        1.0,
        1.0,
        1.0,
        0.333,
        1.0,
        1.0,
        1.0,
        0.333,
        1.0,
        1.0,
        1.0,
        1.0,
        1.0,
        1.0,
        1.0,
        1.0,
        1.0,
        1.0,
        0.333,
        1.0,
        1.0,
        1.0,
        1.0,
        1.0,
        1.0,
        1.0,
        1.0,
        1.0,
        1.0
      ],
      "top_raw": [
        0.333,
        0.333,
        0.333,
        0.333,
        1.0,
        0.333,
        0.333,
        0.333,
        1.0,
        0.333,
        0.333,
        0.333,
        0.333,
        0.333,
        0.333,
        0.333,
        0.333,
        0.333,
        0.333,
        1.0,
        0.333,
        0.333,
        0.333,
        0.333,
        0.333,
        0.333,
        0.333,
        0.333,
        0.333,
        0.333
      ],
      "comp_boot": [
        0.8443666666666668,
        1.0
      ],
      "top_boot": [
        0.33300000000000013,
        0.4886333333333334
      ]
    },
    "emergent": {
      "name": "emergent",
      "n": 30,
      "failed": 0,
      "full_rate": 0.5,
      "full_lo": 0.3315385122717376,
      "full_hi": 0.6684614877282624,
      "comp_mean": 0.7667,
      "comp_lo": 0.6719188642048394,
      "comp_hi": 0.8614811357951607,
      "top_mean": 0.5107666666666668,
      "top_lo": 0.4145574050925941,
      "top_hi": 0.6069759282407395,
      "comp_raw": [
        0.333,
        0.667,
        1.0,
        1.0,
        1.0,
        1.0,
        1.0,
        0.667,
        1.0,
        0.667,
        0.333,
        1.0,
        1.0,
        1.0,
        1.0,
        1.0,
        1.0,
        1.0,
        0.667,
        0.667,
        1.0,
        0.667,
        0.667,
        0.333,
        1.0,
        0.333,
        0.333,
        0.333,
        0.667,
        0.667
      ],
      "top_raw": [
        1.0,
        0.5,
        0.333,
        0.333,
        0.333,
        0.333,
        0.333,
        0.378,
        0.333,
        0.667,
        1.0,
        0.333,
        0.333,
        0.333,
        0.333,
        0.333,
        0.333,
        0.333,
        0.667,
        0.444,
        0.333,
        0.664,
        0.336,
        1.0,
        0.333,
        1.0,
        1.0,
        1.0,
        0.336,
        0.336
      ],
      "comp_boot": [
        0.6667333333333334,
        0.8556333333333335
      ],
      "top_boot": [
        0.4220000000000001,
        0.6095000000000002
      ]
    },
    "placebo_cluster": {
      "name": "placebo_cluster",
      "n": 30,
      "failed": 0,
      "full_rate": 0.5666666666666667,
      "full_lo": 0.39197009545408734,
      "full_hi": 0.7262276256938489,
      "comp_mean": 0.8000333333333333,
      "comp_lo": 0.7081502624428774,
      "comp_hi": 0.8919164042237891,
      "top_mean": 0.45003333333333345,
      "top_lo": 0.3677676625001126,
      "top_hi": 0.5322990041665543,
      "comp_raw": [
        0.333,
        1.0,
        1.0,
        1.0,
        1.0,
        0.667,
        1.0,
        0.667,
        0.667,
        0.333,
        0.667,
        1.0,
        1.0,
        0.667,
        1.0,
        1.0,
        1.0,
        0.333,
        0.667,
        1.0,
        0.667,
        0.333,
        1.0,
        1.0,
        1.0,
        1.0,
        0.333,
        1.0,
        1.0,
        0.667
      ],
      "top_raw": [
        1.0,
        0.333,
        0.333,
        0.333,
        0.333,
        0.444,
        0.333,
        0.336,
        0.389,
        1.0,
        0.336,
        0.333,
        0.333,
        0.444,
        0.333,
        0.333,
        0.333,
        1.0,
        0.444,
        0.333,
        0.444,
        0.667,
        0.333,
        0.333,
        0.333,
        0.333,
        1.0,
        0.333,
        0.333,
        0.336
      ],
      "comp_boot": [
        0.7110666666666667,
        0.8889333333333334
      ],
      "top_boot": [
        0.37593333333333345,
        0.5354333333333334
      ]
    },
    "neutral_filler": {
      "name": "neutral_filler",
      "n": 30,
      "failed": 0,
      "full_rate": 0.9333333333333333,
      "full_lo": 0.7867618227892791,
      "full_hi": 0.9815233646723066,
      "comp_mean": 0.9666666666666667,
      "comp_lo": 0.9186362233578188,
      "comp_hi": 1.0146971099755144,
      "top_mean": 0.3571000000000001,
      "top_lo": 0.3134952490050301,
      "top_hi": 0.40070475099497005,
      "comp_raw": [
        1.0,
        1.0,
        1.0,
        1.0,
        1.0,
        1.0,
        1.0,
        0.333,
        1.0,
        1.0,
        1.0,
        1.0,
        1.0,
        1.0,
        1.0,
        1.0,
        1.0,
        1.0,
        1.0,
        1.0,
        1.0,
        1.0,
        1.0,
        1.0,
        1.0,
        0.667,
        1.0,
        1.0,
        1.0,
        1.0
      ],
      "top_raw": [
        0.333,
        0.333,
        0.333,
        0.333,
        0.333,
        0.333,
        0.333,
        1.0,
        0.333,
        0.333,
        0.333,
        0.333,
        0.333,
        0.333,
        0.333,
        0.333,
        0.333,
        0.333,
        0.333,
        0.333,
        0.333,
        0.333,
        0.333,
        0.333,
        0.333,
        0.389,
        0.333,
        0.333,
        0.333,
        0.333
      ],
      "comp_boot": [
        0.9110999999999999,
        1.0
      ],
      "top_boot": [
        0.33300000000000013,
        0.4034333333333334
      ]
    }
  },
  "contrasts": [
    {
      "label": "top emergent vs neutral_filler (역효과 재현)",
      "p": 0.0051994800519948,
      "p_holm": 0.0311968803119688,
      "sig": true
    },
    {
      "label": "top placebo vs neutral_filler (길이 이상인가)",
      "p": 0.0453954604539546,
      "p_holm": 0.226977302269773,
      "sig": false
    },
    {
      "label": "top emergent vs none (역효과 재현)",
      "p": 0.07729227077292271,
      "p_holm": 0.30916908309169083,
      "sig": false
    },
    {
      "label": "top emergent vs placebo (행동신호 순효과)",
      "p": 0.3524647535246475,
      "p_holm": 1.0,
      "sig": false
    },
    {
      "label": "top placebo vs none (거짓군집만으로 독점 변하나)",
      "p": 0.3762623737626237,
      "p_holm": 1.0,
      "sig": false
    },
    {
      "label": "welfare emergent vs placebo",
      "p": 0.6930306969303069,
      "p_holm": 1.0,
      "sig": false
    }
  ]
}