{
  "experiment": "phase_d",
  "config": {
    "model": "z-ai/glm-4.7-flash",
    "temp": 0.7,
    "agents": [
      "A",
      "B",
      "C"
    ],
    "pool": 360,
    "workload": 120,
    "rounds": 8,
    "seeds": 30
  },
  "arms": {
    "none": {
      "name": "none",
      "n": 30,
      "failed": 0,
      "full_rate": 0.6666666666666666,
      "full_lo": 0.4877972581383026,
      "full_hi": 0.807697044731538,
      "comp_mean": 0.7999333333333334,
      "comp_lo": 0.6931966111959718,
      "comp_hi": 0.906670055470695,
      "top_mean": 0.5201333333333334,
      "top_lo": 0.41404673348431903,
      "top_hi": 0.6262199331823478,
      "comp_raw": [
        1.0,
        1.0,
        1.0,
        1.0,
        1.0,
        0.333,
        1.0,
        1.0,
        1.0,
        0.333,
        1.0,
        0.333,
        1.0,
        1.0,
        0.333,
        0.333,
        1.0,
        1.0,
        1.0,
        0.333,
        1.0,
        1.0,
        1.0,
        0.667,
        0.333,
        0.333,
        1.0,
        1.0,
        0.667,
        1.0
      ],
      "top_raw": [
        0.333,
        0.333,
        0.333,
        0.333,
        0.333,
        1.0,
        0.333,
        0.333,
        0.333,
        1.0,
        0.333,
        1.0,
        0.333,
        0.333,
        1.0,
        1.0,
        0.333,
        0.333,
        0.333,
        1.0,
        0.333,
        0.333,
        0.333,
        0.444,
        1.0,
        1.0,
        0.333,
        0.333,
        0.5,
        0.333
      ],
      "comp_boot": [
        0.6887666666666666,
        0.9
      ],
      "top_boot": [
        0.42010000000000003,
        0.6294333333333333
      ]
    },
    "imposed": {
      "name": "imposed",
      "n": 30,
      "failed": 0,
      "full_rate": 0.4,
      "full_lo": 0.24590394326083398,
      "full_hi": 0.5767994750172617,
      "comp_mean": 0.7668000000000001,
      "comp_lo": 0.6891204335535379,
      "comp_hi": 0.8444795664464624,
      "top_mean": 0.3948333333333334,
      "top_lo": 0.34295974346060987,
      "top_hi": 0.446706923206057,
      "comp_raw": [
        0.667,
        0.667,
        0.667,
        1.0,
        0.667,
        0.667,
        0.667,
        0.667,
        0.667,
        0.667,
        1.0,
        0.333,
        0.667,
        1.0,
        1.0,
        0.667,
        0.333,
        1.0,
        1.0,
        1.0,
        1.0,
        1.0,
        0.667,
        0.333,
        1.0,
        0.667,
        1.0,
        0.667,
        1.0,
        0.667
      ],
      "top_raw": [
        0.368,
        0.337,
        0.347,
        0.333,
        0.344,
        0.4,
        0.339,
        0.519,
        0.336,
        0.364,
        0.333,
        0.669,
        0.336,
        0.333,
        0.333,
        0.339,
        1.0,
        0.333,
        0.333,
        0.333,
        0.333,
        0.333,
        0.444,
        0.667,
        0.333,
        0.356,
        0.333,
        0.347,
        0.333,
        0.337
      ],
      "comp_boot": [
        0.6890000000000002,
        0.8445333333333334
      ],
      "top_boot": [
        0.35156666666666675,
        0.4514333333333333
      ]
    },
    "emergent": {
      "name": "emergent",
      "n": 30,
      "failed": 0,
      "full_rate": 0.4666666666666667,
      "full_lo": 0.3023212722412823,
      "full_hi": 0.6385798671847496,
      "comp_mean": 0.6999333333333333,
      "comp_lo": 0.5897977487313671,
      "comp_hi": 0.8100689179352994,
      "top_mean": 0.5852333333333333,
      "top_lo": 0.47513380798860666,
      "top_hi": 0.6953328586780598,
      "comp_raw": [
        1.0,
        0.333,
        1.0,
        0.333,
        0.667,
        1.0,
        1.0,
        0.667,
        0.333,
        1.0,
        0.333,
        1.0,
        1.0,
        0.667,
        1.0,
        1.0,
        0.667,
        1.0,
        0.333,
        1.0,
        0.333,
        0.333,
        1.0,
        0.667,
        0.333,
        0.333,
        0.333,
        0.333,
        1.0,
        1.0
      ],
      "top_raw": [
        0.333,
        1.0,
        0.333,
        1.0,
        0.5,
        0.333,
        0.333,
        0.667,
        0.392,
        0.333,
        1.0,
        0.333,
        0.333,
        0.336,
        0.333,
        0.333,
        0.444,
        0.333,
        1.0,
        0.333,
        1.0,
        1.0,
        0.333,
        0.556,
        1.0,
        1.0,
        1.0,
        1.0,
        0.333,
        0.333
      ],
      "comp_boot": [
        0.5887666666666668,
        0.8110333333333332
      ],
      "top_boot": [
        0.48133333333333345,
        0.6946
      ]
    },
    "neutral_filler": {
      "name": "neutral_filler",
      "n": 30,
      "failed": 0,
      "full_rate": 1.0,
      "full_lo": 0.886482908609522,
      "full_hi": 1.0,
      "comp_mean": 1.0,
      "comp_lo": 1.0,
      "comp_hi": 1.0,
      "top_mean": 0.33300000000000013,
      "top_lo": 0.3330000000000001,
      "top_hi": 0.3330000000000002,
      "comp_raw": [
        1.0,
        1.0,
        1.0,
        1.0,
        1.0,
        1.0,
        1.0,
        1.0,
        1.0,
        1.0,
        1.0,
        1.0,
        1.0,
        1.0,
        1.0,
        1.0,
        1.0,
        1.0,
        1.0,
        1.0,
        1.0,
        1.0,
        1.0,
        1.0,
        1.0,
        1.0,
        1.0,
        1.0,
        1.0,
        1.0
      ],
      "top_raw": [
        0.333,
        0.333,
        0.333,
        0.333,
        0.333,
        0.333,
        0.333,
        0.333,
        0.333,
        0.333,
        0.333,
        0.333,
        0.333,
        0.333,
        0.333,
        0.333,
        0.333,
        0.333,
        0.333,
        0.333,
        0.333,
        0.333,
        0.333,
        0.333,
        0.333,
        0.333,
        0.333,
        0.333,
        0.333,
        0.333
      ],
      "comp_boot": [
        1.0,
        1.0
      ],
      "top_boot": [
        0.33300000000000013,
        0.33300000000000013
      ]
    }
  },
  "contrasts": [
    {
      "label": "top emergent vs neutral_filler (길이 이상인가)",
      "p": 9.999000099990002e-05,
      "p_holm": 0.0005999400059994001,
      "sig": true
    },
    {
      "label": "top emergent vs imposed (창발≈부과?)",
      "p": 0.0025997400259974,
      "p_holm": 0.012998700129987,
      "sig": true
    },
    {
      "label": "top imposed vs none (V6 재현)",
      "p": 0.0395960403959604,
      "p_holm": 0.1583841615838416,
      "sig": false
    },
    {
      "label": "welfare emergent vs imposed",
      "p": 0.24897510248975102,
      "p_holm": 0.746925307469253,
      "sig": false
    },
    {
      "label": "welfare emergent vs none",
      "p": 0.255974402559744,
      "p_holm": 0.746925307469253,
      "sig": false
    },
    {
      "label": "top emergent vs none (창발이 독점 줄이나)",
      "p": 0.3982601739826017,
      "p_holm": 0.746925307469253,
      "sig": false
    }
  ]
}