{
  "experiment": "v4",
  "rounds": 8,
  "arms": [
    {
      "name": "none(무규제)",
      "n": 20,
      "failed": 0,
      "full_rate": 0.35,
      "full_lo": 0.1811895478679446,
      "full_hi": 0.5671494897805353,
      "comp_mean": 0.64995,
      "comp_lo": 0.5202942690174029,
      "comp_hi": 0.7796057309825971,
      "top_mean": 0.67495,
      "top_lo": 0.5440614719521749,
      "top_hi": 0.8058385280478252
    },
    {
      "name": "dumb_cap k=0.22",
      "n": 20,
      "failed": 0,
      "full_rate": 0.0,
      "full_lo": 0.0,
      "full_hi": 0.1611301254949332,
      "comp_mean": 0.50005,
      "comp_lo": 0.41125649215410537,
      "comp_hi": 0.5888435078458946,
      "top_mean": 0.40774999999999995,
      "top_lo": 0.38829865982157413,
      "top_hi": 0.42720134017842576
    },
    {
      "name": "social(평판+배제)",
      "n": 20,
      "failed": 0,
      "full_rate": 0.05,
      "full_lo": 0.008881219432873143,
      "full_hi": 0.23613589351256678,
      "comp_mean": 0.40004999999999996,
      "comp_lo": 0.26099258002423675,
      "comp_hi": 0.5391074199757632,
      "top_mean": 0.42945,
      "top_lo": 0.4009263286521897,
      "top_hi": 0.4579736713478103
    }
  ]
}