{
  "experiment": "qv_refill",
  "config": {
    "model": "z-ai/glm-4.7-flash",
    "temp": 0.7,
    "agents": 4,
    "workload": 400,
    "rounds": 8,
    "seeds": 30,
    "pool_per_round": 80,
    "pool_cap": 160,
    "budget_B": 50000.0,
    "asymmetric": "A=hoard, B/C/D=fair"
  },
  "order": [
    "none",
    "dumb_cap",
    "social",
    "qv_flat",
    "qv_rep"
  ],
  "arms": {
    "none": {
      "name": "none",
      "n": 30,
      "failed": 0,
      "full_rate": 0.0,
      "full_lo": -1.2302421700937121e-17,
      "full_hi": 0.11351709139047801,
      "comp_mean": 0.25,
      "comp_lo": 0.25,
      "comp_hi": 0.25,
      "top_mean": 0.6758333333333334,
      "top_lo": 0.6688550579258394,
      "top_hi": 0.6828116087408274,
      "rec_mean": 0.0,
      "comp_raw": [
        0.25,
        0.25,
        0.25,
        0.25,
        0.25,
        0.25,
        0.25,
        0.25,
        0.25,
        0.25,
        0.25,
        0.25,
        0.25,
        0.25,
        0.25,
        0.25,
        0.25,
        0.25,
        0.25,
        0.25,
        0.25,
        0.25,
        0.25,
        0.25,
        0.25,
        0.25,
        0.25,
        0.25,
        0.25,
        0.25
      ],
      "top_raw": [
        0.686,
        0.675,
        0.686,
        0.684,
        0.672,
        0.686,
        0.673,
        0.69,
        0.685,
        0.684,
        0.625,
        0.681,
        0.684,
        0.69,
        0.687,
        0.625,
        0.694,
        0.625,
        0.684,
        0.683,
        0.683,
        0.648,
        0.685,
        0.684,
        0.673,
        0.69,
        0.684,
        0.686,
        0.66,
        0.683
      ],
      "rec_raw": [
        0.0,
        0.0,
        0.0,
        0.0,
        0.0,
        0.0,
        0.0,
        0.0,
        0.0,
        0.0,
        0.0,
        0.0,
        0.0,
        0.0,
        0.0,
        0.0,
        0.0,
        0.0,
        0.0,
        0.0,
        0.0,
        0.0,
        0.0,
        0.0,
        0.0,
        0.0,
        0.0,
        0.0,
        0.0,
        0.0
      ],
      "a_share_mean": 0.6757910332265464,
      "a_share_raw": [
        0.6861063464837049,
        0.6745362563237775,
        0.6861063464837049,
        0.6837606837606838,
        0.6722689075630253,
        0.6861063464837049,
        0.6734006734006734,
        0.6896551724137931,
        0.684931506849315,
        0.6837606837606838,
        0.625,
        0.6814310051107325,
        0.6837606837606838,
        0.6896551724137931,
        0.6872852233676976,
        0.625,
        0.6944444444444444,
        0.625,
        0.6837606837606838,
        0.6825938566552902,
        0.6825938566552902,
        0.6482982171799028,
        0.684931506849315,
        0.6837606837606838,
        0.6734006734006734,
        0.6896551724137931,
        0.6837606837606838,
        0.6861063464837049,
        0.6600660066006601,
        0.6825938566552902
      ],
      "a_rep_mean": 0.10000000000000005,
      "a_rep_raw": [
        0.1,
        0.1,
        0.1,
        0.1,
        0.1,
        0.1,
        0.1,
        0.1,
        0.1,
        0.1,
        0.1,
        0.1,
        0.1,
        0.1,
        0.1,
        0.1,
        0.1,
        0.1,
        0.1,
        0.1,
        0.1,
        0.1,
        0.1,
        0.1,
        0.1,
        0.1,
        0.1,
        0.1,
        0.1,
        0.1
      ],
      "comp_boot": [
        0.25,
        0.25
      ],
      "top_boot": [
        0.6682333333333335,
        0.6820666666666667
      ],
      "ashare_boot": [
        0.6682201470973952,
        0.6820210447568061
      ]
    },
    "dumb_cap": {
      "name": "dumb_cap",
      "n": 30,
      "failed": 0,
      "full_rate": 0.0,
      "full_lo": -1.2302421700937121e-17,
      "full_hi": 0.11351709139047801,
      "comp_mean": 0.0,
      "comp_lo": 0.0,
      "comp_hi": 0.0,
      "top_mean": 0.39830000000000015,
      "top_lo": 0.39766854803333374,
      "top_hi": 0.3989314519666666,
      "rec_mean": 0.03333333333333333,
      "comp_raw": [
        0.0,
        0.0,
        0.0,
        0.0,
        0.0,
        0.0,
        0.0,
        0.0,
        0.0,
        0.0,
        0.0,
        0.0,
        0.0,
        0.0,
        0.0,
        0.0,
        0.0,
        0.0,
        0.0,
        0.0,
        0.0,
        0.0,
        0.0,
        0.0,
        0.0,
        0.0,
        0.0,
        0.0,
        0.0,
        0.0
      ],
      "top_raw": [
        0.396,
        0.397,
        0.399,
        0.399,
        0.399,
        0.399,
        0.399,
        0.398,
        0.395,
        0.392,
        0.401,
        0.399,
        0.399,
        0.399,
        0.397,
        0.397,
        0.399,
        0.401,
        0.399,
        0.4,
        0.399,
        0.399,
        0.399,
        0.399,
        0.397,
        0.397,
        0.399,
        0.399,
        0.399,
        0.398
      ],
      "rec_raw": [
        0.5,
        0.0,
        0.0,
        0.0,
        0.0,
        0.0,
        0.0,
        0.0,
        0.0,
        0.0,
        0.0,
        0.0,
        0.0,
        0.5,
        0.0,
        0.0,
        0.0,
        0.0,
        0.0,
        0.0,
        0.0,
        0.0,
        0.0,
        0.0,
        0.0,
        0.0,
        0.0,
        0.0,
        0.0,
        0.0
      ],
      "a_share_mean": 0.3983263173178162,
      "a_share_raw": [
        0.39603960396039606,
        0.39669421487603307,
        0.39867109634551495,
        0.39867109634551495,
        0.39867109634551495,
        0.39933444259567386,
        0.39933444259567386,
        0.39800995024875624,
        0.3953871499176277,
        0.3915171288743883,
        0.4013377926421405,
        0.39867109634551495,
        0.39867109634551495,
        0.39933444259567386,
        0.3973509933774834,
        0.3973509933774834,
        0.39933444259567386,
        0.4006677796327212,
        0.39933444259567386,
        0.4,
        0.39933444259567386,
        0.39933444259567386,
        0.39867109634551495,
        0.39933444259567386,
        0.39669421487603307,
        0.3973509933774834,
        0.39867109634551495,
        0.39867109634551495,
        0.39933444259567386,
        0.39800995024875624
      ],
      "a_rep_mean": 0.40669473072873513,
      "a_rep_raw": [
        0.41584158415841577,
        0.4132231404958677,
        0.4053156146179402,
        0.4053156146179402,
        0.4053156146179402,
        0.4026622296173046,
        0.4026622296173046,
        0.40796019900497504,
        0.41845140032948924,
        0.4339314845024469,
        0.3946488294314381,
        0.4053156146179402,
        0.4053156146179402,
        0.4026622296173046,
        0.4105960264900663,
        0.4105960264900663,
        0.4026622296173046,
        0.39732888146911516,
        0.4026622296173046,
        0.3999999999999999,
        0.4026622296173046,
        0.4026622296173046,
        0.4053156146179402,
        0.4026622296173046,
        0.4132231404958677,
        0.4105960264900663,
        0.4053156146179402,
        0.4053156146179402,
        0.4026622296173046,
        0.40796019900497504
      ],
      "comp_boot": [
        0.0,
        0.0
      ],
      "top_boot": [
        0.3976333333333334,
        0.3989000000000001
      ],
      "ashare_boot": [
        0.39762576938609995,
        0.3989230637429759
      ]
    },
    "social": {
      "name": "social",
      "n": 30,
      "failed": 0,
      "full_rate": 0.0,
      "full_lo": -1.2302421700937121e-17,
      "full_hi": 0.11351709139047801,
      "comp_mean": 0.0,
      "comp_lo": 0.0,
      "comp_hi": 0.0,
      "top_mean": 0.34813333333333335,
      "top_lo": 0.3472042967871122,
      "top_hi": 0.3490623698795545,
      "rec_mean": 1.0,