{
  "experiment": "welfare_rescue",
  "truncated": null,
  "config": {
    "model": "z-ai/glm-4.7-flash",
    "temp": 0.7,
    "agents": 3,
    "workload": 120,
    "rounds": 8,
    "seeds": 15
  },
  "regimes": [
    {
      "label": "tight_s1.0",
      "scarcity": 1.0,
      "pool": 360
    },
    {
      "label": "scarce_s0.5",
      "scarcity": 0.5,
      "pool": 180
    },
    {
      "label": "catastrophic_s0.33",
      "scarcity": 0.33,
      "pool": 118
    }
  ],
  "cells": {
    "tight_s1.0|none": {
      "name": "none@tight_s1.0",
      "n": 15,
      "failed": 0,
      "full_rate": 0.5333333333333333,
      "full_lo": 0.3011663015105079,
      "full_hi": 0.7519077474025356,
      "comp_mean": 0.7332666666666667,
      "comp_lo": 0.5744368011067609,
      "comp_hi": 0.8920965322265726,
      "top_mean": 0.5848666666666668,
      "top_lo": 0.42504324768461926,
      "top_hi": 0.7446900856487142,
      "comp_raw": [
        0.333,
        1.0,
        0.333,
        1.0,
        0.333,
        0.667,
        1.0,
        0.667,
        1.0,
        1.0,
        1.0,
        1.0,
        0.333,
        1.0,
        0.333
      ],
      "top_raw": [
        1.0,
        0.333,
        1.0,
        0.333,
        1.0,
        0.667,
        0.333,
        0.442,
        0.333,
        0.333,
        0.333,
        0.333,
        1.0,
        0.333,
        1.0
      ],
      "comp_boot": [
        0.5776000000000001,
        0.8888666666666667
      ],
      "top_boot": [
        0.4364666666666668,
        0.7477333333333334
      ]
    },
    "tight_s1.0|cap_flat": {
      "name": "cap_flat@tight_s1.0",
      "n": 15,
      "failed": 0,
      "full_rate": 0.4,
      "full_lo": 0.19824228082594664,
      "full_hi": 0.6425355724349229,
      "comp_mean": 0.7334,
      "comp_lo": 0.6026959400171518,
      "comp_hi": 0.8641040599828483,
      "top_mean": 0.3600000000000001,
      "top_lo": 0.3451874971729961,
      "top_hi": 0.37481250282700407,
      "comp_raw": [
        0.667,
        0.667,
        1.0,
        0.667,
        0.333,
        0.667,
        1.0,
        1.0,
        1.0,
        0.333,
        0.667,
        0.667,
        1.0,
        1.0,
        0.333
      ],
      "top_raw": [
        0.378,
        0.392,
        0.333,
        0.392,
        0.406,
        0.364,
        0.333,
        0.333,
        0.333,
        0.406,
        0.336,
        0.35,
        0.333,
        0.333,
        0.378
      ],
      "comp_boot": [
        0.6,
        0.8445999999999999
      ],
      "top_boot": [
        0.34633333333333344,
        0.37460000000000004
      ]
    },
    "tight_s1.0|cap_quad": {
      "name": "cap_quad@tight_s1.0",
      "n": 15,
      "failed": 0,
      "full_rate": 0.2,
      "full_lo": 0.07047420643610411,
      "full_hi": 0.4518593533465045,
      "comp_mean": 0.6668000000000001,
      "comp_lo": 0.5563112194655042,
      "comp_hi": 0.7772887805344959,
      "top_mean": 0.3752666666666667,
      "top_lo": 0.36130025718613884,
      "top_hi": 0.38923307614719455,
      "comp_raw": [
        0.667,
        1.0,
        0.667,
        0.667,
        0.333,
        0.333,
        0.667,
        0.333,
        1.0,
        0.667,
        0.667,
        0.667,
        0.667,
        1.0,
        0.667
      ],
      "top_raw": [
        0.386,
        0.333,
        0.4,
        0.386,
        0.4,
        0.4,
        0.386,
        0.4,
        0.333,
        0.4,
        0.372,
        0.4,
        0.35,
        0.333,
        0.35
      ],
      "comp_boot": [
        0.5556000000000001,
        0.7779333333333333
      ],
      "top_boot": [
        0.3615333333333333,
        0.38846666666666674
      ]
    },
    "scarce_s0.5|none": {
      "name": "none@scarce_s0.5",
      "n": 15,
      "failed": 0,
      "full_rate": 0.0,
      "full_lo": -2.2096511667503485e-17,
      "full_hi": 0.20388926630434784,
      "comp_mean": 0.3330000000000001,
      "comp_lo": 0.333,
      "comp_hi": 0.33300000000000013,
      "top_mean": 0.6669999999999999,
      "top_lo": 0.6669999999999998,
      "top_hi": 0.667,
      "comp_raw": [
        0.333,
        0.333,
        0.333,
        0.333,
        0.333,
        0.333,
        0.333,
        0.333,
        0.333,
        0.333,
        0.333,
        0.333,
        0.333,
        0.333,
        0.333
      ],
      "top_raw": [
        0.667,
        0.667,
        0.667,
        0.667,
        0.667,
        0.667,
        0.667,
        0.667,
        0.667,
        0.667,
        0.667,
        0.667,
        0.667,
        0.667,
        0.667
      ],
      "comp_boot": [
        0.3330000000000001,
        0.3330000000000001
      ],
      "top_boot": [
        0.6669999999999999,
        0.6669999999999999
      ]
    },
    "scarce_s0.5|cap_flat": {
      "name": "cap_flat@scarce_s0.5",
      "n": 15,
      "failed": 0,
      "full_rate": 0.0,
      "full_lo": -2.2096511667503485e-17,
      "full_hi": 0.20388926630434784,
      "comp_mean": 0.0,
      "comp_lo": 0.0,
      "comp_hi": 0.0,
      "top_mean": 0.383,
      "top_lo": 0.383,
      "top_hi": 0.383,
      "comp_raw": [
        0.0,
        0.0,
        0.0,
        0.0,
        0.0,
        0.0,
        0.0,
        0.0,
        0.0,
        0.0,
        0.0,
        0.0,
        0.0,
        0.0,
        0.0
      ],
      "top_raw": [
        0.383,
        0.383,
        0.383,
        0.383,
        0.383,
        0.383,
        0.383,
        0.383,
        0.383,
        0.383,
        0.383,
        0.383,
        0.383,
        0.383,
        0.383
      ],
      "comp_boot": [
        0.0,
        0.0
      ],
      "top_boot": [
        0.383,
        0.383
      ]
    },
    "scarce_s0.5|cap_quad": {
      "name": "cap_quad@scarce_s0.5",
      "n": 15,
      "failed": 0,
      "full_rate": 0.0,
      "full_lo": -2.2096511667503485e-17,
      "full_hi": 0.20388926630434784,
      "comp_mean": 0.0,
      "comp_lo": 0.0,
      "comp_hi": 0.0,
      "top_mean": 0.3897333333333333,
      "top_lo": 0.37770196071375617,
      "top_hi": 0.4017647059529105,
      "comp_raw": [
        0.0,
        0.0,
        0.0,
        0.0,
        0.0,
        0.0,
        0.0,
        0.0,
        0.0,
        0.0,
        0.0,
        0.0,
        0.0,
        0.0,
        0.0
      ],
      "top_raw": [
        0.383,
        0.383,
        0.383,
        0.361,
        0.383,
        0.383,
        0.383,
        0.383,
        0.428,
        0.383,
        0.383,
        0.383,
        0.383,
        0.461,
        0.383
      ],
      "comp_boot": [
        0.0,
        0.0
      ],
      "top_boot": [
        0.38006666666666666,
        0.40240000000000004
      ]
    },
    "catastrophic_s0.33|none": {
      "name": "none@catastrophic_s0.33",
      "n": 15,
      "failed": 0,
      "full_rate": 0.0,
      "full_lo": -2.2096511667503485e-17,
      "full_hi": 0.20388926630434784,
      "comp_mean": 0.0,
      "comp_lo": 0.0,
      "comp_hi": 0.0,
      "top_mean": 1.0,
      "top_lo": 1.0,
      "top_hi": 1.0,
      "comp_raw": [
        0.0,
        0.0,
        0.0,
        0.0,
        0.0,
        0.0,
        0.0,
        0.0,
        0.0,
        0.0,
        0.0,
        0.0,
        0.0,
        0.0,
        0.0
      ],
      "top_raw": [
        1.0,
        1.0,
        1.0,
        1.0,
        1.0,
        1.0,
        1.0,
        1.0,
        1.0,
        1.0,
        1.0,
        1.0,
        1.0,
        1.0,
        1.0
      ],
      "comp_boot": [
        0.0,
        0.0
      ],
      "top_boot": [
        1.0,
        1.0
      ]
    },
    "catastrophic_s0.33|cap_flat": {
      "name": "cap_flat@catastrophic_s0.33",
      "n": 15,
      "failed": 0,
      "full_rate": 0.0,
      "full_lo": -2.2096511667503485e-17,
      "full_hi": 0.20388926630434784,
      "comp_mean": 0.0,
      "comp_lo": 0.0,
      "comp_hi": 0.0,
      "top_mean": 0.492,
      "top_lo": 0.492,