{
  "experiment": "phase_d_placebo",
  "config": {
    "model": "z-ai/glm-4.7-flash",
    "temp": 0.7,
    "agents": [
      "A",
      "B",
      "C",
      "D",
      "E",
      "F"
    ],
    "pool": 720,
    "workload": 120,
    "rounds": 8,
    "seeds": 30
  },
  "arms": {
    "none": {
      "name": "none",
      "n": 30,
      "failed": 0,
      "full_rate": 0.7666666666666667,
      "full_lo": 0.5907132766967573,
      "full_hi": 0.8820776078949878,
      "comp_mean": 0.9166666666666666,
      "comp_lo": 0.8545081507201422,
      "comp_hi": 0.9788251826131911,
      "top_mean": 0.23493333333333322,
      "top_lo": 0.1779090569645184,
      "top_hi": 0.29195760970214807,
      "comp_raw": [
        1.0,
        1.0,
        1.0,
        0.5,
        1.0,
        1.0,
        1.0,
        1.0,
        1.0,
        1.0,
        1.0,
        1.0,
        1.0,
        1.0,
        1.0,
        1.0,
        1.0,
        1.0,
        0.833,
        0.667,
        0.833,
        1.0,
        0.667,
        1.0,
        1.0,
        0.667,
        1.0,
        1.0,
        1.0,
        0.333
      ],
      "top_raw": [
        0.167,
        0.167,
        0.167,
        0.667,
        0.167,
        0.167,
        0.167,
        0.167,
        0.167,
        0.167,
        0.167,
        0.167,
        0.167,
        0.167,
        0.167,
        0.167,
        0.167,
        0.167,
        0.236,
        0.343,
        0.278,
        0.167,
        0.433,
        0.167,
        0.167,
        0.417,
        0.167,
        0.167,
        0.167,
        0.833
      ],
      "comp_boot": [
        0.85,
        0.9722333333333333
      ],
      "top_boot": [
        0.18613333333333326,
        0.2975999999999999
      ]
    },
    "emergent": {
      "name": "emergent",
      "n": 30,
      "failed": 0,
      "full_rate": 0.5666666666666667,
      "full_lo": 0.39197009545408734,
      "full_hi": 0.7262276256938489,
      "comp_mean": 0.8110666666666667,
      "comp_lo": 0.7148446812336362,
      "comp_hi": 0.9072886520996972,
      "top_mean": 0.30539999999999995,
      "top_lo": 0.2170914982580496,
      "top_hi": 0.39370850174195027,
      "comp_raw": [
        0.333,
        1.0,
        0.667,
        1.0,
        0.833,
        1.0,
        1.0,
        1.0,
        1.0,
        1.0,
        0.833,
        0.333,
        1.0,
        1.0,
        1.0,
        1.0,
        0.333,
        0.333,
        0.167,
        0.833,
        1.0,
        1.0,
        1.0,
        0.833,
        1.0,
        1.0,
        1.0,
        0.5,
        0.667,
        0.667
      ],
      "top_raw": [
        0.833,
        0.167,
        0.5,
        0.167,
        0.168,
        0.167,
        0.167,
        0.167,
        0.167,
        0.167,
        0.222,
        0.668,
        0.167,
        0.167,
        0.167,
        0.167,
        0.668,
        0.833,
        1.0,
        0.179,
        0.167,
        0.167,
        0.167,
        0.168,
        0.167,
        0.167,
        0.167,
        0.501,
        0.268,
        0.315
      ],
      "comp_boot": [
        0.7111,
        0.8999666666666667
      ],
      "top_boot": [
        0.22423333333333326,
        0.3981666666666666
      ]
    },
    "placebo_cluster": {
      "name": "placebo_cluster",
      "n": 30,
      "failed": 0,
      "full_rate": 0.4,
      "full_lo": 0.24590394326083398,
      "full_hi": 0.5767994750172617,
      "comp_mean": 0.8277333333333331,
      "comp_lo": 0.7502759741140436,
      "comp_hi": 0.9051906925526226,
      "top_mean": 0.28006666666666663,
      "top_lo": 0.21304247093446935,
      "top_hi": 0.3470908623988639,
      "comp_raw": [
        1.0,
        1.0,
        0.833,
        0.833,
        0.833,
        0.667,
        1.0,
        0.167,
        0.833,
        1.0,
        1.0,
        1.0,
        0.667,
        0.833,
        1.0,
        0.833,
        1.0,
        0.167,
        0.667,
        1.0,
        1.0,
        0.833,
        1.0,
        0.833,
        1.0,
        0.833,
        0.667,
        0.833,
        0.667,
        0.833
      ],
      "top_raw": [
        0.167,
        0.167,
        0.168,
        0.168,
        0.331,
        0.5,
        0.167,
        1.0,
        0.222,
        0.167,
        0.167,
        0.167,
        0.417,
        0.183,
        0.167,
        0.278,
        0.167,
        0.694,
        0.5,
        0.167,
        0.167,
        0.208,
        0.167,
        0.236,
        0.167,
        0.222,
        0.278,
        0.331,
        0.331,
        0.331
      ],
      "comp_boot": [
        0.7444666666666667,
        0.8944333333333333
      ],
      "top_boot": [
        0.22123333333333334,
        0.3534666666666666
      ]
    },
    "neutral_filler": {
      "name": "neutral_filler",
      "n": 30,
      "failed": 0,
      "full_rate": 0.9,
      "full_lo": 0.7437855868473338,
      "full_hi": 0.9654007400402839,
      "comp_mean": 0.9833000000000001,
      "comp_lo": 0.9650654605723663,
      "comp_hi": 1.0015345394276338,
      "top_mean": 0.1743666666666666,
      "top_lo": 0.16527901451950047,
      "top_hi": 0.1834543188138327,
      "comp_raw": [
        1.0,
        0.833,
        1.0,
        1.0,
        1.0,
        1.0,
        1.0,
        1.0,
        0.833,
        1.0,
        1.0,
        1.0,
        0.833,
        1.0,
        1.0,
        1.0,
        1.0,
        1.0,
        1.0,
        1.0,
        1.0,
        1.0,
        1.0,
        1.0,
        1.0,
        1.0,
        1.0,
        1.0,
        1.0,
        1.0
      ],
      "top_raw": [
        0.167,
        0.222,
        0.167,
        0.167,
        0.167,
        0.167,
        0.167,
        0.167,
        0.208,
        0.167,
        0.167,
        0.167,
        0.292,
        0.167,
        0.167,
        0.167,
        0.167,
        0.167,
        0.167,
        0.167,
        0.167,
        0.167,
        0.167,
        0.167,
        0.167,
        0.167,
        0.167,
        0.167,
        0.167,
        0.167
      ],
      "comp_boot": [
        0.9610333333333332,
        1.0
      ],
      "top_boot": [
        0.1669999999999999,
        0.18499999999999994
      ]
    }
  },
  "contrasts": [
    {
      "label": "top placebo vs neutral_filler (길이 이상인가)",
      "p": 0.00029997000299970003,
      "p_holm": 0.0017998200179982003,
      "sig": true
    },
    {
      "label": "top emergent vs neutral_filler (역효과 재현)",
      "p": 0.0035996400359964,
      "p_holm": 0.017998200179982,
      "sig": true
    },
    {
      "label": "top emergent vs none (역효과 재현)",
      "p": 0.19918008199180082,
      "p_holm": 0.7967203279672033,
      "sig": false
    },
    {
      "label": "top placebo vs none (거짓군집만으로 독점 변하나)",
      "p": 0.32936706329367066,
      "p_holm": 0.9881011898810119,
      "sig": false
    },
    {
      "label": "top emergent vs placebo (행동신호 순효과)",
      "p": 0.6628337166283371,
      "p_holm": 1.0,
      "sig": false
    },
    {
      "label": "welfare emergent vs placebo",
      "p": 0.818018198180182,
      "p_holm": 1.0,
      "sig": false
    }
  ]
}