{
  "experiment": "v6",
  "config": {
    "model": "z-ai/glm-4.6",
    "temp": 0.7,
    "agents": [
      "A",
      "B",
      "C"
    ],
    "pool": 360,
    "workload": 120,
    "rounds": 8,
    "seeds": 30
  },
  "arms": {
    "none": {
      "name": "none",
      "n": 30,
      "failed": 0,
      "full_rate": 0.3333333333333333,
      "full_lo": 0.19230295526846194,
      "full_hi": 0.5122027418616973,
      "comp_mean": 0.6555333333333333,
      "comp_lo": 0.5540566085780223,
      "comp_hi": 0.7570100580886443,
      "top_mean": 0.6513666666666664,
      "top_lo": 0.5499289050705042,
      "top_hi": 0.7528044282628287,
      "comp_raw": [
        0.333,
        0.667,
        0.333,
        0.667,
        0.333,
        1.0,
        0.333,
        1.0,
        0.333,
        0.333,
        0.333,
        0.333,
        0.667,
        1.0,
        0.667,
        0.333,
        0.667,
        0.667,
        1.0,
        0.667,
        0.667,
        0.333,
        1.0,
        1.0,
        1.0,
        1.0,
        0.333,
        1.0,
        1.0,
        0.667
      ],
      "top_raw": [
        1.0,
        0.667,
        1.0,
        0.667,
        1.0,
        0.333,
        1.0,
        0.333,
        1.0,
        1.0,
        1.0,
        1.0,
        0.667,
        0.333,
        0.667,
        1.0,
        0.375,
        0.5,
        0.333,
        0.667,
        0.667,
        1.0,
        0.333,
        0.333,
        0.333,
        0.333,
        0.667,
        0.333,
        0.333,
        0.667
      ],
      "comp_boot": [
        0.5554666666666667,
        0.7555999999999999
      ],
      "top_boot": [
        0.5513333333333333,
        0.7514333333333334
      ]
    },
    "dumb_cap": {
      "name": "dumb_cap",
      "n": 30,
      "failed": 0,
      "full_rate": 0.03333333333333333,
      "full_lo": 0.005908437994857381,
      "full_hi": 0.16670751396958874,
      "comp_mean": 0.4778,
      "comp_lo": 0.39089670377744684,
      "comp_hi": 0.5647032962225532,
      "top_mean": 0.46719999999999995,
      "top_lo": 0.43352797290973083,
      "top_hi": 0.500872027090269,
      "comp_raw": [
        1.0,
        0.667,
        0.667,
        0.667,
        0.333,
        0.333,
        0.667,
        0.667,
        0.0,
        0.333,
        0.667,
        0.333,
        0.667,
        0.667,
        0.333,
        0.333,
        0.0,
        0.667,
        0.667,
        0.667,
        0.333,
        0.667,
        0.667,
        0.333,
        0.333,
        0.667,
        0.333,
        0.333,
        0.333,
        0.0
      ],
      "top_raw": [
        0.333,
        0.406,
        0.361,
        0.39,
        0.449,
        0.49,
        0.446,
        0.386,
        0.58,
        0.564,
        0.449,
        0.403,
        0.345,
        0.376,
        0.451,
        0.649,
        0.58,
        0.392,
        0.465,
        0.436,
        0.745,
        0.5,
        0.393,
        0.49,
        0.564,
        0.404,
        0.441,
        0.549,
        0.463,
        0.516
      ],
      "comp_boot": [
        0.3888666666666667,
        0.5667000000000001
      ],
      "top_boot": [
        0.43516666666666665,
        0.5014666666666666
      ]
    },
    "social": {
      "name": "social",
      "n": 30,
      "failed": 0,
      "full_rate": 0.03333333333333333,
      "full_lo": 0.005908437994857381,
      "full_hi": 0.16670751396958874,
      "comp_mean": 0.3889666666666667,
      "comp_lo": 0.27561031828846666,
      "comp_hi": 0.5023230150448668,
      "top_mean": 0.4343666666666666,
      "top_lo": 0.41042198847438766,
      "top_hi": 0.4583113448589456,
      "comp_raw": [
        0.667,
        0.667,
        0.667,
        0.333,
        0.333,
        0.0,
        0.0,
        0.0,
        0.667,
        0.667,
        0.0,
        0.667,
        0.667,
        0.333,
        0.0,
        0.667,
        0.0,
        0.0,
        0.333,
        0.667,
        0.0,
        0.333,
        0.667,
        1.0,
        0.0,
        0.0,
        0.667,
        0.667,
        0.333,
        0.667
      ],
      "top_raw": [
        0.468,
        0.386,
        0.386,
        0.498,
        0.449,
        0.438,
        0.543,
        0.5,
        0.403,
        0.344,
        0.543,
        0.453,
        0.401,
        0.532,
        0.391,
        0.367,
        0.382,
        0.5,
        0.441,
        0.414,
        0.438,
        0.441,
        0.386,
        0.333,
        0.564,
        0.543,
        0.356,
        0.386,
        0.386,
        0.359
      ],
      "comp_boot": [
        0.27780000000000005,
        0.5001333333333333
      ],
      "top_boot": [
        0.4116666666666667,
        0.4583999999999999
      ]
    },
    "reputation_feedback": {
      "name": "reputation_feedback",
      "n": 30,
      "failed": 0,
      "full_rate": 0.3333333333333333,
      "full_lo": 0.19230295526846194,
      "full_hi": 0.5122027418616973,
      "comp_mean": 0.6889333333333334,
      "comp_lo": 0.595266661078742,
      "comp_hi": 0.7826000055879248,
      "top_mean": 0.5875999999999998,
      "top_lo": 0.49000434182259694,
      "top_hi": 0.6851956581774026,
      "comp_raw": [
        1.0,
        0.333,
        0.333,
        1.0,
        1.0,
        0.667,
        0.667,
        1.0,
        0.333,
        0.667,
        0.667,
        0.333,
        1.0,
        1.0,
        0.333,
        0.333,
        0.667,
        0.333,
        0.667,
        0.667,
        1.0,
        0.667,
        0.667,
        0.667,
        0.667,
        0.667,
        0.333,
        1.0,
        1.0,
        1.0
      ],
      "top_raw": [
        0.333,
        1.0,
        1.0,
        0.333,
        0.333,
        0.5,
        0.444,
        0.333,
        1.0,
        0.5,
        0.5,
        1.0,
        0.333,
        0.333,
        1.0,
        1.0,
        0.5,
        1.0,
        0.5,
        0.667,
        0.333,
        0.5,
        0.667,
        0.667,
        0.353,
        0.5,
        1.0,
        0.333,
        0.333,
        0.333
      ],
      "comp_boot": [
        0.5999666666666665,
        0.7778666666666668
      ],
      "top_boot": [
        0.495,
        0.6869666666666667
      ]
    },
    "superordinate": {
      "name": "superordinate",
      "n": 30,
      "failed": 0,
      "full_rate": 0.1,
      "full_lo": 0.03459925995971617,
      "full_hi": 0.2562144131526662,
      "comp_mean": 0.6891666666666669,
      "comp_lo": 0.6456185865993679,
      "comp_hi": 0.732714746733966,
      "top_mean": 0.41220000000000007,
      "top_lo": 0.386232429391444,
      "top_hi": 0.43816757060855616,
      "comp_raw": [
        0.667,
        0.667,
        0.667,
        0.333,
        0.667,
        0.667,
        0.667,
        0.667,
        1.0,
        0.667,
        0.667,
        0.667,
        0.667,
        0.667,
        0.667,
        0.667,
        0.667,
        0.667,
        0.667,
        0.667,
        0.667,
        0.667,
        1.0,
        0.667,
        0.667,
        0.667,
        0.667,
        1.0,
        0.667,
        0.667
      ],
      "top_raw": [
        0.381,
        0.5,
        0.375,
        0.444,
        0.46,
        0.359,
        0.341,
        0.343,
        0.333,
        0.375,
        0.375,
        0.361,
        0.353,
        0.427,
        0.5,
        0.5,
        0.5,
        0.5,
        0.393,
        0.459,
        0.361,
        0.5,
        0.333,
        0.5,
        0.375,
        0.337,
        0.339,
        0.333,
        0.599,
        0.41
      ],
      "comp_boot": [
        0.6447333333333334,
        0.7336000000000004
      ],
      "top_boot": [
        0.38720000000000004,
        0.43810000000000004
      ]
    },
    "fairshare_anchor": {
      "name": "fairshare_anchor",
      "n": 30,
      "failed": 0,
      "full_rate": 0.5,
      "full_lo": 0.3315385122717376,
      "full_hi": 0.6684614877282624,