{
  "experiment": "qv",
  "config": {
    "model": "z-ai/glm-4.7-flash",
    "temp": 0.7,
    "agents": [
      "A",
      "B",
      "C",
      "D"
    ],
    "pool": 480,
    "workload": 120,
    "rounds": 8,
    "seeds": 20,
    "budget_B": 20000.0
  },
  "arms": {
    "none": {
      "name": "none",
      "n": 20,
      "failed": 0,
      "full_rate": 0.65,
      "full_lo": 0.43285051021946475,
      "full_hi": 0.8188104521320554,
      "comp_mean": 0.775,
      "comp_lo": 0.6288621775244522,
      "comp_hi": 0.9211378224755479,
      "top_mean": 0.475,
      "top_lo": 0.3288621775244521,
      "top_hi": 0.6211378224755478,
      "rec_mean": 0.0,
      "comp_raw": [
        1.0,
        1.0,
        1.0,
        0.75,
        1.0,
        0.25,
        1.0,
        0.25,
        1.0,
        1.0,
        1.0,
        1.0,
        1.0,
        0.25,
        0.5,
        1.0,
        0.25,
        1.0,
        0.25,
        1.0
      ],
      "top_raw": [
        0.25,
        0.25,
        0.25,
        0.5,
        0.25,
        1.0,
        0.25,
        1.0,
        0.25,
        0.25,
        0.25,
        0.25,
        0.25,
        1.0,
        0.75,
        0.25,
        1.0,
        0.25,
        1.0,
        0.25
      ],
      "rec_raw": [
        0.0,
        0.0,
        0.0,
        0.0,
        0.0,
        0.0,
        0.0,
        0.0,
        0.0,
        0.0,
        0.0,
        0.0,
        0.0,
        0.0,
        0.0,
        0.0,
        0.0,
        0.0,
        0.0,
        0.0
      ],
      "comp_boot": [
        0.625,
        0.9125
      ],
      "top_boot": [
        0.3375,
        0.625
      ]
    },
    "qv_flat": {
      "name": "qv_flat",
      "n": 20,
      "failed": 0,
      "full_rate": 0.75,
      "full_lo": 0.5312949900419365,
      "full_hi": 0.888139947210597,
      "comp_mean": 0.925,
      "comp_lo": 0.8624106953814665,
      "comp_hi": 0.9875893046185336,
      "top_mean": 0.261,
      "top_lo": 0.2524329247145033,
      "top_hi": 0.2695670752854967,
      "rec_mean": 0.0,
      "comp_raw": [
        1.0,
        1.0,
        0.75,
        0.75,
        0.75,
        0.5,
        1.0,
        1.0,
        0.75,
        1.0,
        1.0,
        1.0,
        1.0,
        1.0,
        1.0,
        1.0,
        1.0,
        1.0,
        1.0,
        1.0
      ],
      "top_raw": [
        0.25,
        0.25,
        0.294,
        0.294,
        0.294,
        0.294,
        0.25,
        0.25,
        0.294,
        0.25,
        0.25,
        0.25,
        0.25,
        0.25,
        0.25,
        0.25,
        0.25,
        0.25,
        0.25,
        0.25
      ],
      "rec_raw": [
        0.0,
        0.0,
        0.0,
        0.0,
        0.0,
        0.0,
        0.0,
        0.0,
        0.0,
        0.0,
        0.0,
        0.0,
        0.0,
        0.0,
        0.0,
        0.0,
        0.0,
        0.0,
        0.0,
        0.0
      ],
      "comp_boot": [
        0.8625,
        0.975
      ],
      "top_boot": [
        0.25220000000000004,
        0.26979999999999993
      ]
    },
    "qv_rep": {
      "name": "qv_rep",
      "n": 20,
      "failed": 0,
      "full_rate": 0.4,
      "full_lo": 0.21880396741419272,
      "full_hi": 0.613422057684794,
      "comp_mean": 0.85,
      "comp_lo": 0.7949287542789963,
      "comp_hi": 0.9050712457210036,
      "top_mean": 0.2763999999999999,
      "top_lo": 0.2667074607531033,
      "top_hi": 0.28609253924689654,
      "rec_mean": 0.0,
      "comp_raw": [
        0.75,
        1.0,
        0.75,
        1.0,
        1.0,
        0.75,
        0.75,
        1.0,
        1.0,
        0.75,
        0.75,
        1.0,
        0.75,
        0.75,
        1.0,
        0.75,
        0.75,
        0.75,
        0.75,
        1.0
      ],
      "top_raw": [
        0.294,
        0.25,
        0.294,
        0.25,
        0.25,
        0.294,
        0.294,
        0.25,
        0.25,
        0.294,
        0.294,
        0.25,
        0.294,
        0.294,
        0.25,
        0.294,
        0.294,
        0.294,
        0.294,
        0.25
      ],
      "rec_raw": [
        0.0,
        0.0,
        0.0,
        0.0,
        0.0,
        0.0,
        0.0,
        0.0,
        0.0,
        0.0,
        0.0,
        0.0,
        0.0,
        0.0,
        0.0,
        0.0,
        0.0,
        0.0,
        0.0,
        0.0
      ],
      "comp_boot": [
        0.8,
        0.9
      ],
      "top_boot": [
        0.26759999999999995,
        0.28519999999999995
      ]
    }
  },
  "contrasts": [
    {
      "label": "top qv_flat vs none (무가중 QV가 독점 줄이나)",
      "p": 0.008999100089991,
      "p_holm": 0.053994600539946,
      "sig": false
    },
    {
      "label": "top qv_rep vs none (평판가중 QV가 독점 줄이나)",
      "p": 0.012998700129987,
      "p_holm": 0.064993500649935,
      "sig": false
    },
    {
      "label": "top qv_rep vs qv_flat (평판가중 이득)",
      "p": 0.05069493050694931,
      "p_holm": 0.20277972202779723,
      "sig": false
    },
    {
      "label": "welfare qv_flat vs none",
      "p": 0.10258974102589741,
      "p_holm": 0.3077692230776922,
      "sig": false
    },
    {
      "label": "welfare qv_rep vs qv_flat",
      "p": 0.1494850514948505,
      "p_holm": 0.3077692230776922,
      "sig": false
    },
    {
      "label": "welfare qv_rep vs none",
      "p": 0.44655534446555345,
      "p_holm": 0.44655534446555345,
      "sig": false
    }
  ]
}