{
  "experiment": "elder",
  "config": {
    "model": "z-ai/glm-4.7-flash",
    "temp": 0.7,
    "agents": [
      "A",
      "B",
      "C"
    ],
    "pool": 360,
    "workload": 120,
    "rounds": 8,
    "seeds": 20
  },
  "arms": {
    "none": {
      "name": "none",
      "n": 20,
      "failed": 0,
      "full_rate": 0.75,
      "full_lo": 0.5312949900419365,
      "full_hi": 0.888139947210597,
      "comp_mean": 0.8499500000000001,
      "comp_lo": 0.7292888733954731,
      "comp_hi": 0.9706111266045271,
      "top_mean": 0.47475000000000006,
      "top_lo": 0.35554550372750643,
      "top_hi": 0.5939544962724936,
      "rec_mean": 0.0,
      "comp_raw": [
        1.0,
        1.0,
        1.0,
        0.333,
        1.0,
        1.0,
        1.0,
        0.333,
        1.0,
        1.0,
        0.333,
        1.0,
        1.0,
        0.333,
        1.0,
        1.0,
        1.0,
        0.667,
        1.0,
        1.0
      ],
      "top_raw": [
        0.333,
        0.333,
        0.333,
        1.0,
        0.333,
        0.333,
        0.333,
        1.0,
        0.333,
        0.333,
        1.0,
        0.333,
        0.333,
        1.0,
        0.333,
        0.333,
        0.333,
        0.5,
        0.333,
        0.333
      ],
      "rec_raw": [
        0.0,
        0.0,
        0.0,
        0.0,
        0.0,
        0.0,
        0.0,
        0.0,
        0.0,
        0.0,
        0.0,
        0.0,
        0.0,
        0.0,
        0.0,
        0.0,
        0.0,
        0.0,
        0.0,
        0.0
      ],
      "comp_boot": [
        0.7166,
        0.9666499999999999
      ],
      "top_boot": [
        0.36635000000000006,
        0.5998000000000001
      ]
    },
    "ledger_numbers": {
      "name": "ledger_numbers",
      "n": 20,
      "failed": 0,
      "full_rate": 0.35,
      "full_lo": 0.1811895478679446,
      "full_hi": 0.5671494897805353,
      "comp_mean": 0.71675,
      "comp_lo": 0.6078561792725061,
      "comp_hi": 0.8256438207274939,
      "top_mean": 0.461,
      "top_lo": 0.3543944334819632,
      "top_hi": 0.5676055665180368,
      "rec_mean": 0.8,
      "comp_raw": [
        0.667,
        1.0,
        0.667,
        1.0,
        0.333,
        1.0,
        0.667,
        1.0,
        0.667,
        0.667,
        1.0,
        0.667,
        0.667,
        0.333,
        0.667,
        1.0,
        0.333,
        0.333,
        1.0,
        0.667
      ],
      "top_raw": [
        0.358,
        0.333,
        0.358,
        0.333,
        1.0,
        0.333,
        0.358,
        0.333,
        0.358,
        0.358,
        0.333,
        0.358,
        0.358,
        0.667,
        0.358,
        0.333,
        1.0,
        1.0,
        0.333,
        0.358
      ],
      "rec_raw": [
        1.0,
        1.0,
        1.0,
        1.0,
        0.0,
        1.0,
        1.0,
        1.0,
        1.0,
        1.0,
        1.0,
        1.0,
        1.0,
        0.0,
        1.0,
        1.0,
        0.0,
        0.0,
        1.0,
        1.0
      ],
      "comp_boot": [
        0.61665,
        0.8168499999999999
      ],
      "top_boot": [
        0.36469999999999997,
        0.5740000000000001
      ]
    },
    "ledger_rule": {
      "name": "ledger_rule",
      "n": 20,
      "failed": 0,
      "full_rate": 0.9,
      "full_lo": 0.6989617935882066,
      "full_hi": 0.9721341060158467,
      "comp_mean": 0.95,
      "comp_lo": 0.8784937108986025,
      "comp_hi": 1.0215062891013975,
      "top_mean": 0.3665500000000001,
      "top_lo": 0.30120345906307633,
      "top_hi": 0.43189654093692387,
      "rec_mean": 0.95,
      "comp_raw": [
        1.0,
        1.0,
        0.333,
        1.0,
        1.0,
        1.0,
        1.0,
        1.0,
        1.0,
        1.0,
        1.0,
        1.0,
        1.0,
        1.0,
        0.667,
        1.0,
        1.0,
        1.0,
        1.0,
        1.0
      ],
      "top_raw": [
        0.333,
        0.333,
        1.0,
        0.333,
        0.333,
        0.333,
        0.333,
        0.333,
        0.333,
        0.333,
        0.333,
        0.333,
        0.333,
        0.333,
        0.337,
        0.333,
        0.333,
        0.333,
        0.333,
        0.333
      ],
      "rec_raw": [
        1.0,
        1.0,
        0.0,
        1.0,
        1.0,
        1.0,
        1.0,
        1.0,
        1.0,
        1.0,
        1.0,
        1.0,
        1.0,
        1.0,
        1.0,
        1.0,
        1.0,
        1.0,
        1.0,
        1.0
      ],
      "comp_boot": [
        0.8666499999999999,
        1.0
      ],
      "top_boot": [
        0.3330000000000001,
        0.4334500000000001
      ]
    },
    "ledger_elder": {
      "name": "ledger_elder",
      "n": 20,
      "failed": 0,
      "full_rate": 0.0,
      "full_lo": 0.0,
      "full_hi": 0.1611301254949332,
      "comp_mean": 0.3330000000000001,
      "comp_lo": 0.3330000000000001,
      "comp_hi": 0.3330000000000001,
      "top_mean": 0.7566499999999998,
      "top_lo": 0.6552663170078505,
      "top_hi": 0.8580336829921491,
      "rec_mean": 0.03666666666666667,
      "comp_raw": [
        0.333,
        0.333,
        0.333,
        0.333,
        0.333,
        0.333,
        0.333,
        0.333,
        0.333,
        0.333,
        0.333,
        0.333,
        0.333,
        0.333,
        0.333,
        0.333,
        0.333,
        0.333,
        0.333,
        0.333
      ],
      "top_raw": [
        1.0,
        1.0,
        1.0,
        0.571,
        1.0,
        0.444,
        0.571,
        1.0,
        1.0,
        0.5,
        0.5,
        0.667,
        1.0,
        0.5,
        1.0,
        0.571,
        0.667,
        0.571,
        1.0,
        0.571
      ],
      "rec_raw": [
        0.0,
        0.0,
        0.0,
        0.0,
        0.0,
        0.2,
        0.0,
        0.0,
        0.0,
        0.16666666666666666,
        0.2,
        0.0,
        0.0,
        0.16666666666666666,
        0.0,
        0.0,
        0.0,
        0.0,
        0.0,
        0.0
      ],
      "comp_boot": [
        0.3330000000000001,
        0.3330000000000001
      ],
      "top_boot": [
        0.6581499999999999,
        0.8558999999999999
      ]
    }
  },
  "contrasts": [
    {
      "label": "top ledger_elder vs ledger_rule (★ judge가 신호 더하나)",
      "p": 9.999000099990002e-05,
      "p_holm": 0.0006999300069993001,
      "sig": true
    },
    {
      "label": "welfare ledger_elder vs ledger_rule",
      "p": 9.999000099990002e-05,
      "p_holm": 0.0006999300069993001,
      "sig": true
    },
    {
      "label": "welfare ledger_elder vs ledger_numbers",
      "p": 9.999000099990002e-05,
      "p_holm": 0.0006999300069993001,
      "sig": true
    },
    {
      "label": "top ledger_elder vs ledger_numbers (앵커 이상인가)",
      "p": 0.0006999300069993001,
      "p_holm": 0.0027997200279972004,
      "sig": true
    },
    {
      "label": "top ledger_elder vs none",
      "p": 0.0012998700129987,
      "p_holm": 0.0038996100389961,
      "sig": true
    },
    {
      "label": "top ledger_rule vs none (rule 배제가 독점 줄이나)",
      "p": 0.1807819218078192,
      "p_holm": 0.3615638436156384,
      "sig": false
    },
    {
      "label": "welfare ledger_rule vs none",
      "p": 0.25437456254374563,
      "p_holm": 0.3615638436156384,
      "sig": false
    }
  ]
}