{
  "experiment": "v1",
  "rounds": 8,
  "arms": [
    {
      "name": "baseline",
      "n": 24,
      "failed": 0,
      "full_rate": 0.2916666666666667,
      "full_lo": 0.14914460334164278,
      "full_hi": 0.49168063658709704,
      "comp_mean": 0.6110416666666667,
      "comp_lo": 0.49520098538215884,
      "comp_hi": 0.7268823479511746,
      "top_mean": 0.7152500000000002,
      "top_lo": 0.5980802323394676,
      "top_hi": 0.8324197676605327
    },
    {
      "name": "reputation_feedback",
      "n": 24,
      "failed": 0,
      "full_rate": 0.5833333333333334,
      "full_lo": 0.3883433764938864,
      "full_hi": 0.7553265275346178,
      "comp_mean": 0.7916666666666666,
      "comp_lo": 0.6817118245085804,
      "comp_hi": 0.9016215088247529,
      "top_mean": 0.5220416666666667,
      "top_lo": 0.4123026890225681,
      "top_hi": 0.6317806443107654
    }
  ]
}